{
  "Median_PSF": 0.6591151323878732,
  "Transactions": 0.03105012900555412,
  "Tenure": 0.009852034297448558,
  "Township": 0.0006791327909549334,
  "Area": 0.029749220668774775,
  "State": 0.02129042301482534,
  "Type": 0.24826392783456902
}